{
  "People": [
    {
      "Id": "user001",
      "Name": "\u4E2D\u5C71\u3000\u664B\u4E4B\u4ECB",
      "Profile": {
        "Image": "/images/13fa3a84-dd91-4d48-a24f-b0b8c30bdcc7.JPEG",
        "Car": "\u30E4\u30EA\u30B9\u30AF\u30ED\u30B9"
      },
      "Radar": {
        "Labels": [
          {
            "Name": "\u6280\u8853\u529B",
            "Value": 4,
            "Modals": [
              {
                "Image": "",
                "Comment": "\u3053\u306E\u9023\u4F11\u4E2D\u306B\u3001React\u3068.NET\u3092\u4F7F\u3063\u3066\u30A2\u30D7\u30EA\u4F5C\u6210\u306B\u30C1\u30E3\u30EC\u30F3\u30B8\uFF01\n\u5C11\u3057\u306F\u30EC\u30D9\u30EB\u30A2\u30C3\u30D7\u3067\u304D\u305F\u304B\u306A\u3068\u3044\u3046\u72B6\u614B\u3067\u3059\uFF01"
              }
            ]
          },
          {
            "Name": "\u30B3\u30DF\u30E5\u529B",
            "Value": 3,
            "Modals": [
              {
                "Image": "/images/1cbbdb6f-36f6-42de-91b2-bdbf26b3eec6.JPG",
                "Comment": "\u5C0F\u3055\u3044\u6642\u304B\u3089\u5730\u5143\u306E\u796D\u308A\u306B\u53C2\u52A0\u3057\u3066\u3044\u307E\u3059\uFF01\n\u8272\u3093\u306A\u4EBA\u3068\u95A2\u308F\u308B\u6A5F\u4F1A\u304C\u591A\u3044\u74B0\u5883\u3067\u3057\u305F\uFF01"
              }
            ]
          },
          {
            "Name": "\u767A\u8A00\u529B",
            "Value": 3,
            "Modals": []
          },
          {
            "Name": "\u8DA3\u5473",
            "Value": 3,
            "Modals": [
              {
                "Image": "/images/c55b6fc2-d1fa-404e-ab49-aaaf89fec973.JPG",
                "Comment": "\u6700\u8FD1\u306F\u884C\u3051\u3066\u3044\u306A\u3044\u3067\u3059\u304C\u3001\n\u91E3\u308A\u304C\u597D\u304D\u3067\u3059\uFF01\uFF01\uFF01"
              }
            ]
          },
          {
            "Name": "\u904B\u52D5",
            "Value": 5,
            "Modals": []
          }
        ]
      },
      "Career": [
        "2012\u5E74 4\u6708\uFF5E\u3000\u5165\u793E \u3044\u306A\u3079\u5DE5\u5834\u691C\u67FB\u8AB2\u914D\u5C5E",
        "2022\u5E74 9\u6708\uFF5E\u3000\u65B0\u88FD\u54C1\u30C1\u30FC\u30E0\u3078\u7570\u52D5",
        "2024\u5E74 3\u6708\uFF5E\u3000\u691C\u67FB\u8AB2\u30C7\u30B8\u30BF\u30EB\u63A8\u9032\u306E\u62C5\u5F53"
      ],
      "Future": "\u3088\u308A\u305F\u304F\u3055\u3093\u306E\u4EBA\u304C\u559C\u3093\u3067\u304F\u308C\u308B\u3088\u3046\u306A\u53D6\u308A\u7D44\u307F\u3092\u884C\u3063\u3066\u3001\n\u30C7\u30B8\u30BF\u30EB\u5909\u9769\u63A8\u9032\u90E8\u3001\u4F1A\u793E\u306B\u8CA2\u732E\u3057\u3066\u3044\u3051\u308B\u3088\u3046\u306B\u9811\u5F35\u308A\u307E\u3059\uFF01\uFF01"
    },
    {
      "Id": "user002",
      "Name": "\u4E2D\u5C71\u3000\u5B97\u5927",
      "Profile": {
        "Image": "/images/2ccd0a9a-a7c7-4557-a589-db3373df9c32.JPG",
        "Car": "\u30D5\u30A7\u30E9\u30FC\u30EA"
      },
      "Radar": {
        "Labels": [
          {
            "Name": "\u30B3\u30DF\u30E5\u30CB\u30B1\u30FC\u30B7\u30E7\u30F3",
            "Value": 3,
            "Modals": [
              {
                "Image": "/images/b0e649fd-c262-4fee-a1d7-4ba28fac5913.JPG",
                "Comment": "\u5143\u6C17\u3044\u3063\u3071\u3044\u3067\u304A\u3057\u3083\u3079\u308A\u304C\u5927\u597D\u304D\u3067\u3059\uFF01"
              }
            ]
          },
          {
            "Name": "\u30A8\u30F3\u30B8\u30E7\u30A4",
            "Value": 4,
            "Modals": [
              {
                "Image": "/images/63d4ea5a-f698-4ab4-8826-eaf98542d1b0.JPG",
                "Comment": "\u306A\u3093\u3067\u3082\u697D\u3057\u3081\u308B\u30BF\u30A4\u30D7\u3060\u3088\uFF01"
              }
            ]
          },
          {
            "Name": "\u30CF\u30C3\u30D4\u30FC",
            "Value": 3,
            "Modals": [
              {
                "Image": "/images/4fc12c91-97c1-4d8b-908f-3e546f2587d4.PNG",
                "Comment": ""
              }
            ]
          },
          {
            "Name": "\u30E9\u30C3\u30AD\u30FC",
            "Value": 2,
            "Modals": []
          }
        ]
      },
      "Career": [
        "2022\u5E74\u300012\u6708\uFF5E\u3000\u51FA\u751F",
        "2023\u5E74\u300012\u6708\uFF5E\u30001\u6B73\u306B\u306A\u308B"
      ],
      "Future": "\u9811\u5F35\u3063\u3066\u5927\u304D\u304F\u306A\u308A\u307E\u3059\uFF01"
    },
    {
      "Id": "4f35a6b8-1314-4ab2-aef2-3bf5d4b7d118",
      "Name": "\u4E2D\u5C71\u3000\u5BDB\u5927",
      "Profile": {
        "Image": "/images/5b88c0b2-b472-4c24-874f-dcc963a63093.JPG",
        "Car": "\u30DE\u30BB\u30E9\u30C3\u30C6\u30A3"
      },
      "Radar": {
        "Labels": [
          {
            "Name": "\u98DF\u6B32",
            "Value": 5,
            "Modals": [
              {
                "Image": "",
                "Comment": ""
              }
            ]
          },
          {
            "Name": "\u5143\u6C17",
            "Value": 5,
            "Modals": []
          },
          {
            "Name": "\u9811\u56FA",
            "Value": 5,
            "Modals": []
          },
          {
            "Name": "\u7652\u3057\u7CFB",
            "Value": 4,
            "Modals": []
          },
          {
            "Name": "\u53EF\u611B\u3044\u7CFB",
            "Value": 3,
            "Modals": []
          }
        ]
      },
      "Career": [],
      "Future": ""
    },
    {
      "Id": "9fe43d6a-32d0-485d-9830-0425dd443b11",
      "Name": "\u4E2D\u5C71\u3000\u5E78",
      "Profile": {
        "Image": "/images/41cf25ed-30e2-4008-8efd-a99616d7b969.JPG",
        "Car": "\u30B9\u30C6\u30C3\u30D7\u30EF\u30B4\u30F3"
      },
      "Radar": {
        "Labels": [
          {
            "Name": "",
            "Value": 0,
            "Modals": []
          }
        ]
      },
      "Career": [],
      "Future": ""
    }
  ]
}